いきなり,いきなり,彼女のいきなりの返事に僕はとまどって、『一体なんなんだ？ ,キノの旅　the Beautiful World,1534966911804,行き成り,いきなり,"abruptly, suddenly, all of a sudden, without warning"
いし,石造り,暗い門をくぐった向こうに、石造りの家がわずかに見えている。,キノの旅　the Beautiful World,1535142953625,会社,かいしゃ,"company, corporation"
いし,石畳,石畳の、車が並んで数台は通れそうなほど太い道が、きれいに四方に延びていた。,キノの旅　the Beautiful World,1535177994115,会社,かいしゃ,"company, corporation"
いやがる,いやがる,そうしたら相手のいやがること、相手を傷つけることをしなくなる。,キノの旅　the Beautiful World,1534673886080,嫌がる,いやがる,"to hate, to dislike"
お,お互い,なぜこの国の人間がお互いに顔を合わせないのか」 　男は最後の涙を拭いた。,キノの旅　the Beautiful World,1534601065767,音楽,おんがく,music
お,お構い,むろん、そんなこと、奴はお構いなしさ。,キノの旅　the Beautiful World,1535296667579,音楽,おんがく,music
かかる,かかる,手のかかった街路樹だったらしい枯れ木を集めて、そこで火を焚いた。 ,キノの旅　the Beautiful World,1535179099694,掛かる,かかる,"to take (a resource, e.g. time or money)"
かかる,かかる,ここにも最近人の手のかかった様子はなく、木々や芝生は伸び放題で、池の水は干からび、花壇の花は全て枯れていた。 　,キノの旅　the Beautiful World,1535186542128,掛かる,かかる,"to take (a resource, e.g. time or money)"
かつ,かつ,「あの男の人と結婚するんじゃないかと、端で見ていてハラハラだったよ」 　エルメスが今度は真剣な口調でそう言うと、キノは笑いながら。 ,キノの旅　the Beautiful World,1534976609584,生活,せいかつ,"living, life (one's daily existence), livelihood"
かなしい,哀しい,するとその男は、嬉しそうな哀しそうな、そして泣き出しそうな顔をして、キノとエルメスに訊ねた。 ,キノの旅　the Beautiful World,1535195449083,悲しい,かなしい,"sad, sorrowful"
かぶさる,かぶさる,「悪かったよ、エルメス」 　キノが淡々とした口調で、エルメスの発言にかぶさるように言った。 ,キノの旅　the Beautiful World,1534602251730,覆い被さる,おおいかぶさる,"to hang over, to cover"
かぶり,かぶる,キノは帽子をかぶりゴーグルをはめて、エルメスはエンジンをアイドリングしていた。,キノの旅　the Beautiful World,1534975889423,頭,あたま,head
からかう,からかう,エルメスのからかうような言い方に、キノが呆れ顔で返事をした。 ,キノの旅　the Beautiful World,1534976586188,揶揄う,からかう,"to ridicule, to tease, to mock, to chaff, to razz, to banter with, to make fun of, to poke fun at, to make cracks about"
かろうじて,かろうじて,それはわずかに土が見えることで、かろうじて分かるほど細い道だった。,キノの旅　the Beautiful World,1535134669298,辛うじて,かろうじて,"barely, narrowly, only just, with difficulty"
かん,かむ,鼻をかんだ。,キノの旅　the Beautiful World,1534600895077,時間,じかん,time
が,が,それから、全ての国民がそれを飲んだ」 「全員が？」 　,キノの旅　the Beautiful World,1534615336798,学校,がっこう,school
が,が,細身の精悍な顔に、ところどころが剥げた銀色フレームのゴーグルをして、運転手は前方を睨んでいる。 　,キノの旅　the Beautiful World,1535142010773,学校,がっこう,school
がいろ,街路樹,手のかかった街路樹だったらしい枯れ木を集めて、そこで火を焚いた。 ,キノの旅　the Beautiful World,1535178807678,街路,がいろ,"road, street, avenue"
きか,きく,王による暴力はもう歯止めがきかない。,キノの旅　the Beautiful World,1535297225390,機械,きかい,"machine, mechanism"
きょうふ,対人恐怖症,つまりこの国の人間は全員、本当に本物の、想像ではないピュアな対人恐怖症になってしまったんだ。,キノの旅　the Beautiful World,1534974798555,恐怖,きょうふ,"fear, dread, dismay, terror, horror, scare, panic"
くぐる,くぐる,暗い門をくぐった向こうに、石造りの家がわずかに見えている。,キノの旅　the Beautiful World,1535144078386,潜る,くぐる,"to go under, to pass under, to go through, to pass through"
くぐる,くぐる,門をくぐり終えて、城壁の中の町へと、キノとエルメスは入っていった。 ,キノの旅　the Beautiful World,1535176842138,潜る,くぐる,"to go under, to pass under, to go through, to pass through"
くべる,くべる,「町中で野営とはね」 　キノがたき火に木をくべながら、やや自嘲気味に言った。,キノの旅　the Beautiful World,1535176922862,焼べる,くべる,"to throw on the fire, to burn"
くぼむ,窪む,なぜか一カ所、石畳が緩やかに窪んでいた。,キノの旅　the Beautiful World,1535179004551,窪む,くぼむ,"to cave in, to become depressed, to sink"
ぐしゃぐしゃ,ぐしゃぐしゃ,風でぐしゃぐしゃになった髪を手で整えようとしたが、あまり代わりばえはしなかった。 　,キノの旅　the Beautiful World,1535142756055,,,
けんか,ケンカ,「その後は、ひたすらテレパシーでケンカさ。,キノの旅　the Beautiful World,1534967063680,喧嘩,けんか,"quarrel, brawl, fight, squabble, scuffle, argument"
この,この混乱,……この混乱の解決方法は、たった一つだけだった。,キノの旅　the Beautiful World,1534971719868,此の,この,"this (something or someone close to the speaker (including the speaker), or ideas expressed by the speaker)"
しかし,しかし本来,しかし本来はしっかり閉められているはずの分厚い扉は、完全に開いていた。,キノの旅　the Beautiful World,1535142904064,然し,しかし,"however, but"
しがみつく,しがみつく,しがみつかんばかりの勢いで言った。 　,キノの旅　the Beautiful World,1535195590498,しがみ付く,しがみつく,to cling
しばらく,しばらく,モトラドでしばらく走り回っても、まだ端にたどり着けないほど広い。 　,キノの旅　the Beautiful World,1535185749614,暫く,しばらく,"for a moment, for a minute"
すかさず,すかさず,エルメスがすかさず聞いた。 ,キノの旅　the Beautiful World,1534615397636,透かさず,すかさず,without a moment's delay
すきま,隙間,道沿いには石造りの建物が隙間なく並んでいる。,キノの旅　the Beautiful World,1535178044323,隙間,すきま,"crevice, crack, gap, opening, clearance"
すくめる,すくめる,できれば最初の日に会いたかったけれど……、それは仕方ないね」 　男はそう言って、肩をすくめて微笑んだ。 ,キノの旅　the Beautiful World,1534975968373,竦める,すくめる,"to shrug (shoulders), to duck (head), to draw back (body)"
すっかり,すっかり,キノとエルメスがすっかり腰を落ち着かせているこの場所は、大きな交差点の真ん中だった。 　,キノの旅　the Beautiful World,1535177552790,,,
せいかつ,生活苦,「十一年前、あまりの生活苦に税率を下げてほしいと訴えた農民が、全員殺されてしまった。,キノの旅　the Beautiful World,1535297007934,生活,せいかつ,"living, life (one's daily existence), livelihood"
た,た,「悪かったよ、エルメス」 　キノが淡々とした口調で、エルメスの発言にかぶさるように言った。 ,キノの旅　the Beautiful World,1534601924918,煙草,たばこ,"tobacco, cigarette, cigaret, cigar"
たいてい,たいてい,たとえ後ろからパースエイダーを抜かれても、たいていの相手は振り向いて撃ち倒せる。,キノの旅　the Beautiful World,1535144513080,大抵,たいてい,"mostly, ordinarily, usually, generally"
たき,たき火,エルメスとたき火を通りに残し、角の建物の軒先へと歩いていった。,キノの旅　the Beautiful World,1535183994955,滝,たき,waterfall
たどる,たどり着ける,モトラドでしばらく走り回っても、まだ端にたどり着けないほど広い。 　,キノの旅　the Beautiful World,1535185765842,辿る,たどる,"to follow (road), to pursue (course), to follow up, to follow (hyperlink)"
だいたい,だいたい,だいたい予想どおりだね、キノ」 「キミ達は、中央公園には行ったようだね。,キノの旅　the Beautiful World,1535294996664,大体,だいたい,"outline, main point, gist"
ちぎり,ちぎる,「ゴーストタウン、か」 　キノが粘土のような携帯食料を手でちぎりながらつぶやいた。,キノの旅　the Beautiful World,1535179708988,ちぎり絵,ちぎりえ,collage of pieces of colored paper
ちらちら,ちらちら,「少なくとも、キノのせいではないよ」 　メッキのパーツにちらちらと炎を映しながら、荷物を全ておろしたエルメスが止まっていた。 ,キノの旅　the Beautiful World,1535177093522,,,
つぶやく,つぶやく,「ゴーストタウン、か」 　キノが粘土のような携帯食料を手でちぎりながらつぶやいた。,キノの旅　the Beautiful World,1535180097216,呟く,つぶやく,"to mutter, to murmur, to grumble"
つぶやく,つぶやく,時たま通りの真ん中で、 「暇だなー」 　小さくつぶやく声が聞こえるだけだった。 　,キノの旅　the Beautiful World,1535184778445,呟く,つぶやく,"to mutter, to murmur, to grumble"
つぶやく,つぶやく,「元は王宮か何かかな」 　キノが額をシャツの袖で軽く拭いながらつぶやいた。,キノの旅　the Beautiful World,1535187836762,呟く,つぶやく,"to mutter, to murmur, to grumble"
ても,ても,「ここにいても、もうなんにもならないよ。,キノの旅　the Beautiful World,1535191953759,建物,たてもの,building
で,で,「ゴーストタウン、か」 　キノが粘土のような携帯食料を手でちぎりながらつぶやいた。,キノの旅　the Beautiful World,1535179704489,電話,でんわ,"telephone call, phone call"
と,と共に,キノは夜明けと共に起きた。,キノの旅　the Beautiful World,1535184808060,戸,と,door (esp. Japanese-style)
という,という,男はそれに素直に答えるように、 「それから、僕達は自分や他人の考えが分かるということの恐ろしさに、ようやく気がついた。,キノの旅　the Beautiful World,1534968816591,あっという間に,あっというまに,"just like that, in the twinkling of an eye, in the blink of an eye, in the time it takes to say ""ah!"""
とうとう,とうとい,……何度も見たよ」 「…………」 「十年前の春の朝、とうとう我々は蜂起した。,キノの旅　the Beautiful World,1535298964214,到頭,とうとう,"finally, at last, ultimately, in the end"
ところどころ,ところどころ,ところどころに、眩しいほど鮮やかな雲が流れている。,キノの旅　the Beautiful World,1535134443182,所々,ところどころ,"here and there, some parts (of something), several places"
とん,とんでも,とんでもない笑い話さ。,キノの旅　the Beautiful World,1534967247515,豚肉,ぶたにく,pork
ない,ない,しかし、そうでない輩の方が圧倒的に多かった……。,キノの旅　the Beautiful World,1535296471024,地震,じしん,earthquake
ながら,ながら,「元は王宮か何かかな」 　キノが額をシャツの袖で軽く拭いながらつぶやいた。,キノの旅　the Beautiful World,1535187828317,然しながら,しかしながら,"however, nevertheless"
なんて,なんて,当時不作で財政難だったことなんてまったくかまわずに、遊んでばかりいた。,キノの旅　the Beautiful World,1535296606208,何て,なんて,"how ..!, what ..!"
に,に対して,これほど整備された国に、誰も住んでないなんて、建造物に対して大変失礼だ。,キノの旅　the Beautiful World,1535177349429,毎日,まいにち,every day
にやり,ニヤリ,きっと〝飢える〟って言葉も知らなかったんだろう」 「〝パンがなければケーキを食べればいいのに〟」 　エルメスが茶化してそう言うと、男はニヤリと笑って、 「博識だね」 　エルメスは、どうも、と短く言った。 ,キノの旅　the Beautiful World,1535296962982,,,
は,は,それはわずかに土が見えることで、かろうじて分かるほど細い道だった。,キノの旅　the Beautiful World,1535134650074,走る,はしる,to run
はず,はず,しかし本来はしっかり閉められているはずの分厚い扉は、完全に開いていた。,キノの旅　the Beautiful World,1535144058964,筈,はず,"expectation that something took place, will take place or was in some state, it should be so, bound to be, expected to be, must be"
はっきり,はっきり,空ははっきりと蒼く、高い。,キノの旅　the Beautiful World,1535134429933,,,
ひたすら,ひたすら,新しい公式を発見したり、ひたすら科学的追求をしたり、文学や音楽を創ったりね。,キノの旅　the Beautiful World,1534602552163,只管,ひたすら,"intently, single‐mindedly, devotedly, solely, earnestly, with all one's heart"
ひたすら,ひたすら,「その後は、ひたすらテレパシーでケンカさ。,キノの旅　the Beautiful World,1534967047392,只管,ひたすら,"intently, single‐mindedly, devotedly, solely, earnestly, with all one's heart"
ひたすら,ひたすら,造りはひたすら豪奢で、建物の端から端、上から下まで美しい装飾が施されていた。 ,キノの旅　the Beautiful World,1535187216728,只管,ひたすら,"intently, single‐mindedly, devotedly, solely, earnestly, with all one's heart"
ふじょ,婦女暴行,ああ、そういえば若い女性に近づいただけで、婦女暴行未遂と猥褒物陳列で訴えられた奴もいたな」 「…………」 「まあ、そんなようなことがあちらこちらで起こったんだろうな。,キノの旅　the Beautiful World,1534967526055,浮上,ふじょう,"surfacing, rising to the surface"
ふむ,ふむふむ,そして私は、その計画にかなり初期段階から参加した」 「ふむふむ」 「もしそれを見つかっていたら？」 　,キノの旅　the Beautiful World,1535297364082,踏む,ふむ,"to step on, to tread on, to trample on"
ほとんど,ほとんど,不作は三年も続き、ほとんどの人は飢えた。,キノの旅　the Beautiful World,1535296641967,殆ど,ほとんど,"mostly, nearly, practically, well-nigh, almost invariably, all but, just about, almost"
ほとんど,ほとんど,そして革命は、ほとんど犠牲を出さずに成し遂げられた」 「それは凄い。,キノの旅　the Beautiful World,1535302485633,殆ど,ほとんど,"mostly, nearly, practically, well-nigh, almost invariably, all but, just about, almost"
ほんかく,本格的,この状況を何とかするためには、王を、そして王制そのものを倒すしかないと、革命計画が本格的に動き出した。,キノの旅　the Beautiful World,1535297283448,本格的,ほんかくてき,"genuine, real, regular, normal, typical, standard, orthodox"
ぼやく,ぼやく,そしてぼやいた。 ,キノの旅　the Beautiful World,1535184542548,,,
ぼやく,ぼやく,ぜひ聞きたいのに」 　そうぼやいた。 　,キノの旅　the Beautiful World,1535188052398,,,
まき,巻く,遥か遠く地平線上の空では、巻き立つ入道雲が、白亜の神殿のようにそびえ立っている。,キノの旅　the Beautiful World,1535134507244,牧場,ぼくじょう,"farm (livestock), ranch (US), station (Aus, NZ)"
まったく,まったく,当時不作で財政難だったことなんてまったくかまわずに、遊んでばかりいた。,キノの旅　the Beautiful World,1535296611061,全く,まったく,"really, truly, entirely, completely, wholly, perfectly"
めっき,メッキ,「少なくとも、キノのせいではないよ」 　メッキのパーツにちらちらと炎を映しながら、荷物を全ておろしたエルメスが止まっていた。 ,キノの旅　the Beautiful World,1535177175519,,,
もし,もす,そして私は、その計画にかなり初期段階から参加した」 「ふむふむ」 「もしそれを見つかっていたら？」 　,キノの旅　the Beautiful World,1535297500819,面白い,おもしろい,"interesting, fascinating, intriguing, enthralling"
やから,輩,しかし、そうでない輩の方が圧倒的に多かった……。,キノの旅　the Beautiful World,1535296474911,やや辛口,ややからくち,"semi-dry, semi-secco"
やっと,やっと,「やっとかい」 　モトラドが答えた。 　,キノの旅　the Beautiful World,1535142647655,,,
やつ,やつ,ホーキされた国ってやつさ 「……そうかもしれないね。,キノの旅　the Beautiful World,1535191617268,八つ,やっつ,eight
らしい,らしい,建物の一階にはオープンカフェがあったらしく、椅子とテーブルが山積みになっていた。,キノの旅　the Beautiful World,1535294798029,新しい,あたらしい,"new, novel, fresh, recent, latest, up-to-date, modern"
りゅうこう,流行病,でも、仕方のないことだからね」 「流行病か、何かですか？」 　,キノの旅　the Beautiful World,1535296182565,流行,りゅうこう,"fashion, fad, vogue, craze"
れっとう,劣等感,実はね、彼女は僕に対して、学歴面、そして頭脳面での劣等感を常に持っていたんだ。,キノの旅　the Beautiful World,1534967095995,劣等感,れっとうかん,inferiority complex
わし,わする,運転手の黒くて短い髪が、風でわしゃわしゃと乱されていた。,キノの旅　the Beautiful World,1535141942533,忙しい,いそがしい,"busy, occupied, hectic"
わずか,わずか,それはわずかに土が見えることで、かろうじて分かるほど細い道だった。,キノの旅　the Beautiful World,1535134654619,僅か,わずか,"only, merely, (a) little, small quantity"
を,を,男はテーブルの上に肘をつき、手を顔の前で組んだ。 ,キノの旅　the Beautiful World,1535294896034,やむを得ない,やむをえない,"cannot be helped, unavoidable"
アイドリング,アイドリング,キノは帽子をかぶりゴーグルをはめて、エルメスはエンジンをアイドリングしていた。,キノの旅　the Beautiful World,1534975915646,,,
アーチ,アーチ,運転手の目の前には、高い城壁にあいたアーチ状の門があった。,キノの旅　the Beautiful World,1535142839300,アーチ型,アーチがた,"arch shaped, arched"
カーブ,カーブ,まっすぐ進んでは、ところどころに群生している木々をよけるように、たまに急カーブを繰り返している。,キノの旅　the Beautiful World,1535134794749,,,
パーツ,パーツ,「少なくとも、キノのせいではないよ」 　メッキのパーツにちらちらと炎を映しながら、荷物を全ておろしたエルメスが止まっていた。 ,キノの旅　the Beautiful World,1535177186425,,,
ホー,ホーキ,ホーキされた国ってやつさ 「……そうかもしれないね。,キノの旅　the Beautiful World,1535191594672,,,
一切,一切,それ以前は、一般の民衆が武器を持つことが一切許されなかった。,キノの旅　the Beautiful World,1535299134144,一切,いっさい,"all, everything, the whole, lock, stock, and barrel"
一応,一応たき火,一応たき火の後をきれいに始末する。,キノの旅　the Beautiful World,1535184916858,一応,いちおう,"more or less, though not quite satisfactorily, after a fashion, pretty much, roughly, so far as it goes"
一望,一望,そこはテラスになっていて、広大な裏庭を一望できるようになっていた。 ,キノの旅　the Beautiful World,1535188285926,一望,いちぼう,"one sweep (of the eye), sweeping view, unbroken view"
一瞬,一瞬,一瞬で眠気を吹き飛ばした様子だった。 ,キノの旅　the Beautiful World,1535194273559,一瞬,いっしゅん,"instant, moment, for an instant"
上手,上手い,その発見とは、人間の脳の使っていないところを上手く開発すれば、人間同士の思いを直接伝え合うことができる、というものだった」 「思いを直接伝える？」 　,キノの旅　the Beautiful World,1534602733308,上手,じょうず,"skillful, skilled, proficient, good (at), adept, clever"
不作,不作,当時不作で財政難だったことなんてまったくかまわずに、遊んでばかりいた。,キノの旅　the Beautiful World,1535296580604,不作,ふさく,"poor crop, bad harvest, crop failure"
与える,与えない,キノに発言の機会を与えない素早さだった。 ,キノの旅　the Beautiful World,1534601288217,与える,あたえる,"to give (esp. to someone of lower status), to bestow, to grant, to confer, to present, to award"
両,両袖,肩から伸びた両袖が風であばれないように、数カ所をバンドで止めている。 　,キノの旅　the Beautiful World,1535141837676,両親,りょうしん,"parents, both parents"
両脇,両脇,キャリアの下には、さらに荷物を積むための箱が後輪両脇に取りつけられている。 　,キノの旅　the Beautiful World,1535142261221,両脇,りょうわき,both sides
並ぶ,並ぶ,石畳の、車が並んで数台は通れそうなほど太い道が、きれいに四方に延びていた。,キノの旅　the Beautiful World,1535177837495,並ぶ,ならぶ,"to line up, to stand in a line"
中気,中気,パースエイダー有段者の君に言うことじゃないかもしれないけれど、道中気をつけて」 　家のガレージの前で男が言った。,キノの旅　the Beautiful World,1534975843042,中気,ちゅうき,"palsy, paralysis"
乗り出す,乗り出す,キノが思わず身を乗り出した。,キノの旅　the Beautiful World,1534675608119,乗り出す,のりだす,"to set out, to set sail"
乗り出す,乗り出す,キノは何も言わず、テラスから身を乗り出すようにして、それを見た。 　,キノの旅　the Beautiful World,1535188551606,乗り出す,のりだす,"to set out, to set sail"
乱す,乱す,運転手の黒くて短い髪が、風でわしゃわしゃと乱されていた。,キノの旅　the Beautiful World,1535141954968,乱す,みだす,"to throw out of order, to disarrange, to disturb"
予想,予想,だいたい予想どおりだね、キノ」 「キミ達は、中央公園には行ったようだね。,キノの旅　the Beautiful World,1535295003594,予想,よそう,"expectation, anticipation, prediction, forecast, conjecture"
今際,今際,その人間が今際のきわに思っていることが、あわてて駆けつけた人達に伝わって、彼らを発狂させてしまった。,キノの旅　the Beautiful World,1534967390469,今際,いまわ,one's dying moment or hour
以来,以来,順を追って話そう」 「この国は、建国以来ずっと王政が続いていた。,キノの旅　the Beautiful World,1535296402190,以来,いらい,"since, henceforth"
仲,仲,お互いの心の内をストレートに伝え合うことができたから、もう取り返しのつかないほど仲が悪くなってしまった。,キノの旅　the Beautiful World,1534967284740,仲間,なかま,"company, fellow, colleague, associate, comrade, mate, group, circle of friends, partner"
仲間,仲間,仲間が何人か捕まって、処刑された。,キノの旅　the Beautiful World,1535297550865,仲間,なかま,"company, fellow, colleague, associate, comrade, mate, group, circle of friends, partner"
伝える,伝える,その発見とは、人間の脳の使っていないところを上手く開発すれば、人間同士の思いを直接伝え合うことができる、というものだった」 「思いを直接伝える？」 　,キノの旅　the Beautiful World,1534602773246,伝える,つたえる,"to convey, to report, to transmit, to communicate, to tell, to impart, to propagate, to teach, to bequeath"
伝える,伝える,それによって人間はお互いに心の底を伝え合うことができる。,キノの旅　the Beautiful World,1534615211005,伝える,つたえる,"to convey, to report, to transmit, to communicate, to tell, to impart, to propagate, to teach, to bequeath"
伝える,伝える,その発見とは、人間の脳の使っていないところを上手く開発すれば、人間同士の思いを直接伝え合うことができる、というものだった」 「思いを直接伝える？」 　,キノの旅　the Beautiful World,1534674724401,伝える,つたえる,"to convey, to report, to transmit, to communicate, to tell, to impart, to propagate, to teach, to bequeath"
伝える,伝える,伝えたくないことがね。,キノの旅　the Beautiful World,1534966901158,伝える,つたえる,"to convey, to report, to transmit, to communicate, to tell, to impart, to propagate, to teach, to bequeath"
伝わる,伝わる,こんな単純なことじゃなくても、僕が何か悲しくなった時、近くにいる人にその悲しみが直に伝わる。,キノの旅　the Beautiful World,1534614745547,伝わる,つたわる,"to be handed down, to be introduced, to be transmitted, to be circulated, to go along, to walk along"
伝わる,伝わる,「…………」 「そう、彼女に伝わってしまったんだ。,キノの旅　the Beautiful World,1534966884736,伝わる,つたわる,"to be handed down, to be introduced, to be transmitted, to be circulated, to go along, to walk along"
伝統,伝統,この国の伝統的な死刑方法を知っているかい？ ,キノの旅　the Beautiful World,1535297571799,伝統,でんとう,"tradition, convention"
体験,体験,「ここから先は、僕個人の体験を語ろう……。,キノの旅　the Beautiful World,1534615494859,体験,たいけん,"personal experience, physical experience, one's own experience"
俗っぽい,俗っぽい,俗っぽい言い方をすれば、テレパシーってやつだ」 「なるほど」「はーん」 　キノとエルメスが同時に相づちを打った。 ,キノの旅　the Beautiful World,1534614824785,俗っぽい,ぞくっぽい,"cheap (reading), vulgar, worldly-minded"
保証,保証,保証するよ」 「…………。,キノの旅　the Beautiful World,1535144473310,保証,ほしょう,"guarantee, security, assurance, pledge, warranty"
倒す,倒す,カーブが近づき、運転手は減速して、モトラドを倒し込んだ。,キノの旅　the Beautiful World,1535142066019,倒す,たおす,"to throw down, to bring down, to blow down, to fell, to knock down, to set (something) down on its side, to turn (something) on its side"
倒す,倒せる,たとえ後ろからパースエイダーを抜かれても、たいていの相手は振り向いて撃ち倒せる。,キノの旅　the Beautiful World,1535144459675,倒す,たおす,"to throw down, to bring down, to blow down, to fell, to knock down, to set (something) down on its side, to turn (something) on its side"
傷む,傷む,キノ」 「あの建物がどこも傷んでなかったからね」 　エルメスは、なるほど、と小さくつぶやいた。 ,キノの旅　the Beautiful World,1535302354581,痛む,いたむ,"to hurt, to ache, to feel a pain"
優しい,優しい,その人は僕の悲しみが理解できて、僕に優しくしたり、解決方法を一緒に考えたりできる。,キノの旅　the Beautiful World,1534614765988,優しい,やさしい,"tender, kind, gentle, graceful, affectionate, amiable"
公式,公式,新しい公式を発見したり、ひたすら科学的追求をしたり、文学や音楽を創ったりね。,キノの旅　the Beautiful World,1534602541762,公式,こうしき,"formal, official"
公開,公開,交差点広場の公開処刑を、私は何度も見ることになった。,キノの旅　the Beautiful World,1535297654022,公開,こうかい,"opening to the public, making available to the public, putting on display, exhibiting, showing (play, movie, etc.), holding (interview, etc.), open, public"
内装,内装,何十枚ものステンドグラスで飾られた巨大なホールや、普通の家よりはるかに広い浴場、果てしなく続く廊下など、内装も外装に負けず豪華だった。 　,キノの旅　the Beautiful World,1535188136538,内装,ないそう,"interior design, interior, upholstery"
処刑,処刑,仲間が何人か捕まって、処刑された。,キノの旅　the Beautiful World,1535297561064,処刑,しょけい,execution
出,出て,と捨て思いを残して、出て行ってしまった。,キノの旅　the Beautiful World,1534967212685,出版,しゅっぱん,publication
分厚い,分厚い,しかし本来はしっかり閉められているはずの分厚い扉は、完全に開いていた。,キノの旅　the Beautiful World,1535142925830,分厚い,ぶあつい,"bulky, massive, thick, heavy"
初期,初期,そして私は、その計画にかなり初期段階から参加した」 「ふむふむ」 「もしそれを見つかっていたら？」 　,キノの旅　the Beautiful World,1535297341627,初期,しょき,"early (days), initial stage"
刹那,刹那,そんな中、仲間達が私や他の仲間を群衆から見つけて、目隠しを断って、落下するほんの刹那に何かを訴えて、そして頭蓋骨を砕かれ、首の骨を折って死んでいくのを見た。,キノの旅　the Beautiful World,1535297794762,刹那的,せつなてき,"ephemeral, transitory"
剥げる,剥げる,細身の精悍な顔に、ところどころが剥げた銀色フレームのゴーグルをして、運転手は前方を睨んでいる。 　,キノの旅　the Beautiful World,1535142014821,剥げる,はげる,"to come off, to be worn off"
勝手,勝手,勝手に行きました」 　エルメスが皮肉気味に返事をした。 ,キノの旅　the Beautiful World,1535295065782,勝手,かって,"one's own convenience, one's way, selfishness"
勢い,勢い,しがみつかんばかりの勢いで言った。 　,キノの旅　the Beautiful World,1535196322045,勢い,いきおい,"force, vigor, vigour, energy, spirit, life"
単純,単純,こんな単純なことじゃなくても、僕が何か悲しくなった時、近くにいる人にその悲しみが直に伝わる。,キノの旅　the Beautiful World,1534614601801,単純,たんじゅん,"simple, plain, uncomplicated, straightforward"
博識,博識,きっと〝飢える〟って言葉も知らなかったんだろう」 「〝パンがなければケーキを食べればいいのに〟」 　エルメスが茶化してそう言うと、男はニヤリと笑って、 「博識だね」 　エルメスは、どうも、と短く言った。 ,キノの旅　the Beautiful World,1535296977815,博識,はくしき,extensive knowledge
反撃,反撃,意見はそろった」 「ただし、反撃はなしだ。,キノの旅　the Beautiful World,1535144645439,反撃,はんげき,"counterattack, counteroffensive, counterblow"
取り囲む,取り囲む,彼らの進む先に、町を取り囲む白い城壁が、ぼやけながらも見え始めていた。 　,キノの旅　the Beautiful World,1535142687859,取り囲む,とりかこむ,"to surround, to crowd around"
口調,口調,「悪かったよ、エルメス」 　キノが淡々とした口調で、エルメスの発言にかぶさるように言った。 ,キノの旅　the Beautiful World,1534601950478,口調,くちょう,"tone (e.g. of voice, etc.), (verbal) expression"
口調,口調,「あの男の人と結婚するんじゃないかと、端で見ていてハラハラだったよ」 　エルメスが今度は真剣な口調でそう言うと、キノは笑いながら。 ,キノの旅　the Beautiful World,1534976643623,口調,くちょう,"tone (e.g. of voice, etc.), (verbal) expression"
叩く,叩く,左手をハンドルから離し、二回ほどモトラドのタンクを叩いた。,キノの旅　the Beautiful World,1535142544955,叩く,たたく,"to strike, to clap, to knock, to beat, to tap, to pat"
叩く,叩く,そいつは、どうも」 　キノは苦笑しながら、右腰のホルスターに入っている、リヴォルバータイプのハンド・パースエイダーを軽く叩いた。 ,キノの旅　the Beautiful World,1535144561749,叩く,たたく,"to strike, to clap, to knock, to beat, to tap, to pat"
叩く,叩く,太陽が姿を現し、そして霧が完全に晴れた頃、エルメスを叩いて起こした。 　,キノの旅　the Beautiful World,1535184907037,叩く,たたく,"to strike, to clap, to knock, to beat, to tap, to pat"
台,台,一台のモトラド（注・二輪車。,キノの旅　the Beautiful World,1535135607274,台所,だいどころ,kitchen
台,台,石畳の、車が並んで数台は通れそうなほど太い道が、きれいに四方に延びていた。,キノの旅　the Beautiful World,1535178009942,台所,だいどころ,kitchen
合う,合う,それによって人間はお互いに心の底を伝え合うことができる。,キノの旅　the Beautiful World,1534615204251,合う,あう,"to come together, to merge, to unite, to meet"
吊り上げる,吊り上げる,手足を縛って逆さまに吊り上げ、道路に頭から落として殺すのさ。,キノの旅　the Beautiful World,1535297617820,吊り上げる,つりあげる,"to raise, to lift, to hang up, to suspend"
同士,同士,その発見とは、人間の脳の使っていないところを上手く開発すれば、人間同士の思いを直接伝え合うことができる、というものだった」 「思いを直接伝える？」 　,キノの旅　the Beautiful World,1534602749467,同士,どうし,"fellow, mutual, companion, comrade"
呆れる,呆れる,エルメスが驚いて聞いて、 「……洗濯物を干すのとは訳が違うよ、エルメス」 　キノが呆れ顔で言った。,キノの旅　the Beautiful World,1535302169677,呆れる,あきれる,"to be amazed, to be shocked, to be astonished, to be astounded, to be disgusted, to be exasperated"
国外,国外,「王は家族と共に、いや、財産と共にと言うべきかな、トラックの荷台に隠れて国外に逃げようとした。,キノの旅　the Beautiful World,1535302421472,国外,こくがい,outside the country
圧倒,圧倒的,しかし、そうでない輩の方が圧倒的に多かった……。,キノの旅　the Beautiful World,1535296486523,圧倒,あっとう,"to overwhelm (e.g. an opponent), to overwpower, to crush, to defeat completely"
地平線,地平線,緑の大地は緩やかにうねり、幾重にも重なりながら地平線の向こうへと消えていく。 　,キノの旅　the Beautiful World,1535053243825,地平線,ちへいせん,horizon (related to land)
埃,埃,そして、どこもかしこも埃だらけだった。 　,キノの旅　the Beautiful World,1535188218163,埃,ほこり,dust
埋める,埋める,裏庭の芝生の緑の中に、簡単に土を盛り、薄い木の板を一本立てただけの簡単な墓があった 　そして墓は、視界一杯に広がる裏庭を、文字どおり埋め尽くすように並んでいた。,キノの旅　the Beautiful World,1535188838826,埋める,うめる,to bury (e.g. in the ground)
埋もれる,埋もれる,誰だって荷台で野菜と宝石に埋もれている人間を見たら怪しいと思うだろう。,キノの旅　the Beautiful World,1535302453154,埋もれる,うもれる,"to be buried, to be covered, to be hidden"
変わる,変わる,キノはいつもと変わらず夜明けと共に起きた。,キノの旅　the Beautiful World,1535192885796,変わる,かわる,"to change, to be transformed, to be altered, to vary"
外す,外す,男は眼鏡を外して涙を拭いた。,キノの旅　the Beautiful World,1534600861661,外す,はずす,"to remove, to take off, to detach, to unfasten, to undo"
多数決,多数決,「さあね」 　第二話　「多数決の国」 　　─Ourselfish─ 　草の絨毯が、果てなくどこまでも続いていた。,キノの旅　the Beautiful World,1535053156091,多数決,たすうけつ,"majority decision, majority vote, majority rule"
大,大嘘,もっと人はお互いを尊敬し合える』なんて、とんでもない大嘘だった。,キノの旅　the Beautiful World,1534971642569,大学,だいがく,"university, college"
大理石,大理石,キノとエルメスは、白い大理石で造られた建物の正面にいた。,キノの旅　the Beautiful World,1535186957905,大理石,だいりせき,marble
失う,失う,夏の遅い日の入りがゆっくりと迫り、空は静かに明るさを失い始めていた。,キノの旅　the Beautiful World,1535191399956,失う,うしなう,"to lose, to part with"
奏でる,奏でる,それは電子フィドルが奏でる、穏やかな曲だった。 　,キノの旅　the Beautiful World,1534975163532,奏でる,かなでる,to play an instrument (esp. string instruments)
始末,始末,一応たき火の後をきれいに始末する。,キノの旅　the Beautiful World,1535184942877,始末,しまつ,"management, dealing with, settlement, cleaning up, disposal"
学歴,学歴,実はね、彼女は僕に対して、学歴面、そして頭脳面での劣等感を常に持っていたんだ。,キノの旅　the Beautiful World,1534967080825,学歴,がくれき,academic background
寄り,寄りかかる,「さあ……」 　キノはエルメスに振り向いて、テラスの手すりに寄りかかった。 ,キノの旅　the Beautiful World,1535191845992,年寄り,としより,"old person, elderly person, senior citizen"
尊敬,尊敬,もっと人はお互いを尊敬し合える』なんて、とんでもない大嘘だった。,キノの旅　the Beautiful World,1534971603571,尊敬,そんけい,"respect, esteem, reverence, honour, honor"
小さい,小さい,時たま通りの真ん中で、 「暇だなー」 　小さくつぶやく声が聞こえるだけだった。 　,キノの旅　the Beautiful World,1535184706842,小さい,ちいさい,"small, little, tiny"
屋根,屋根,男は日差しよけの屋根を歩道に広げ、テーブルとイスを引っぱり出した。,キノの旅　the Beautiful World,1535294673355,屋根,やね,roof
山積み,山積み,後ろの荷台には、野菜や果物が山積みされていた。,キノの旅　the Beautiful World,1535193470892,山積み,やまづみ,"huge mound, heap, pile"
山積み,山積み,建物の一階にはオープンカフェがあったらしく、椅子とテーブルが山積みになっていた。,キノの旅　the Beautiful World,1535294640594,山積み,やまづみ,"huge mound, heap, pile"
常に,常に,実はね、彼女は僕に対して、学歴面、そして頭脳面での劣等感を常に持っていたんだ。,キノの旅　the Beautiful World,1534967108346,常に,つねに,"always, constantly"
帽子,帽子,そして、運転席には、一人の男が帽子を目深に被って座っていた。,キノの旅　the Beautiful World,1535193487984,帽子,ぼうし,"hat, cap"
干からびる,干からびる,ここにも最近人の手のかかった様子はなく、木々や芝生は伸び放題で、池の水は干からび、花壇の花は全て枯れていた。 　,キノの旅　the Beautiful World,1535186623998,干からびる,ひからびる,"to dry up completely, to become stale"
干す,干す,エルメスが驚いて聞いて、 「……洗濯物を干すのとは訳が違うよ、エルメス」 　キノが呆れ顔で言った。,キノの旅　the Beautiful World,1535301880010,干す,ほす,"to air, to dry, to desiccate"
幾重にも,幾重にも,緑の大地は緩やかにうねり、幾重にも重なりながら地平線の向こうへと消えていく。 　,キノの旅　the Beautiful World,1535062770975,幾重にも,いくえにも,"repeatedly, over and over again"
底,底,それによって人間はお互いに心の底を伝え合うことができる。,キノの旅　the Beautiful World,1534615176639,底,そこ,"bottom, sole"
廃屋,廃屋,そして廃屋の探索に疲れて、見晴らしのいいこの場所に座り込んだ。,キノの旅　the Beautiful World,1535178713399,廃屋,はいおく,"dilapidated house, deserted house"
廊下,廊下,何十枚ものステンドグラスで飾られた巨大なホールや、普通の家よりはるかに広い浴場、果てしなく続く廊下など、内装も外装に負けず豪華だった。 　,キノの旅　the Beautiful World,1535188128398,廊下,ろうか,"corridor, hallway, passageway"
延びる,延びる,そして西へと延びていた。 　,キノの旅　the Beautiful World,1535134807284,伸びる,のびる,"to stretch, to extend, to lengthen, to grow (of hair, height, grass, etc.)"
建国,建国,順を追って話そう」 「この国は、建国以来ずっと王政が続いていた。,キノの旅　the Beautiful World,1535296408523,建国,けんこく,founding of a nation
弾薬,弾薬,むろん大量のパースエイダーと弾薬を手に入れるためだ。,キノの旅　the Beautiful World,1535299022830,弾薬庫,だんやくこ,"ammunition depot, ammunition dump, powder magazine"
当たり前,当たり前,当たり前と言えば当たり前か。,キノの旅　the Beautiful World,1535299072334,当たり前,あたりまえ,"natural, reasonable, obvious"
当時,当時,当時不作で財政難だったことなんてまったくかまわずに、遊んでばかりいた。,キノの旅　the Beautiful World,1535296578187,当時,とうじ,"at that time, in those days"
形跡,形跡,最近人が住んでいた形跡すらなかった。 　,キノの旅　the Beautiful World,1535178161490,形跡,けいせき,"traces, evidence"
彷徨,彷徨く,結局キノとエルメスは、半日この町を彷徨い、誰一人見つけることはできなかった。,キノの旅　the Beautiful World,1535178131051,彷徨く,うろつく,"to loiter, to putter, to prowl, to wander aimlessly, to knock around, to hang around"
後輪,後輪,長い直線に入り、後輪は土を蹴散らし、さらに加速していく。 　,キノの旅　the Beautiful World,1535135674769,後輪,こうりん,rear wheel
微笑む,微笑む,だが止めた」 　男はそこまで言うと、軽く微笑んだ。 ,キノの旅　the Beautiful World,1535299356881,微笑む,ほほえむ,to smile
心底,心底,数十メートル離れれば、遠くの音が聞こえなくなるように、思いも伝わらなくなる……」 「なるほど、そういう訳かあ」 　エルメスが心底感心した様子で言った。 ,キノの旅　the Beautiful World,1534974054075,心底,しんそこ,"bottom of one's heart, depths of one's mind, innermost thoughts"
怒る,怒る,なんでそんなことで、こんなに怒られなきゃならないんだ？』,キノの旅　the Beautiful World,1534966941849,怒る,おこる,"to get angry, to get mad"
怪訝,怪訝,キノが怪訝そうな顔で聞いた。,キノの旅　the Beautiful World,1534674917692,怪訝,けげん,"dubious, puzzled, suspicious"
悪い,悪い,「悪かったよ、エルメス」 　キノが淡々とした口調で、エルメスの発言にかぶさるように言った。 ,キノの旅　the Beautiful World,1534601869003,悪い,わるい,"bad, poor, inferior"
悲しみ,悲しむ,こんな単純なことじゃなくても、僕が何か悲しくなった時、近くにいる人にその悲しみが直に伝わる。,キノの旅　the Beautiful World,1534614736318,悲しみ,かなしみ,"sadness, sorrow, grief"
惚れる,惚れる,「それにしても、キノに惚れるなんて。,キノの旅　the Beautiful World,1534976682355,自惚れる,うぬぼれる,to be conceited
想像,想像,つまりこの国の人間は全員、本当に本物の、想像ではないピュアな対人恐怖症になってしまったんだ。,キノの旅　the Beautiful World,1534974087770,想像,そうぞう,"imagination, guess"
愁傷,愁傷,「柔らかいベッドと、真っ白なシーツがほしいな……」 「ご愁傷様。,キノの旅　the Beautiful World,1535184570070,愁傷,しゅうしょう,"grief, sorrow"
意見,意見,意見はそろった」 「ただし、反撃はなしだ。,キノの旅　the Beautiful World,1535144605245,意見,いけん,"opinion, view, comment"
感嘆,感嘆,とても素晴らしい」 　エルメスが感嘆し、褒めちぎった。 　,キノの旅　the Beautiful World,1535186881677,感嘆,かんたん,"admiration, wonder, astonishment"
感心,感心,数十メートル離れれば、遠くの音が聞こえなくなるように、思いも伝わらなくなる……」 「なるほど、そういう訳かあ」 　エルメスが心底感心した様子で言った。 ,キノの旅　the Beautiful World,1534974060136,感心,かんしん,"admiration, being impressed"
慕う,慕う,それは、何十人いた王の中には、立派な政治で国民から慕われた者もいたさ。,キノの旅　the Beautiful World,1535296757511,慕う,したう,"to yearn for, to long for, to pine for, to miss, to love dearly, to adore"
成り立つ,成り立つ,学校では、みんなが答えを教え合うのでテストが成り立たなくなっていた。,キノの旅　the Beautiful World,1534967494860,成り立つ,なりたつ,"to consist of, to be made up of, to be composed of"
成功,成功,テレパシー能力の開花は成功したんだ。,キノの旅　the Beautiful World,1534615652616,成功,せいこう,"success, hit"
我が,我が,王一人が、回と人を全て我が物として支配してきた。,キノの旅　the Beautiful World,1535296730218,我が儘,わがまま,"selfish, egoist"
手,手すり,「さあ……」 　キノはエルメスに振り向いて、テラスの手すりに寄りかかった。 ,キノの旅　the Beautiful World,1535191839658,手,て,"hand, arm"
手間,手間,もの凄く手間とお金がかかってるよ。,キノの旅　the Beautiful World,1535186853093,手間,てま,"time, labour, labor"
拭う,拭う,男は眼鏡を外して涙を拭いた。,キノの旅　the Beautiful World,1534600872196,拭う,ぬぐう,"to wipe, to mop up"
拭う,拭う,一度だけ、額の汗を腕で拭った。 ,キノの旅　the Beautiful World,1535144181225,拭う,ぬぐう,"to wipe, to mop up"
拭う,拭う,「元は王宮か何かかな」 　キノが額をシャツの袖で軽く拭いながらつぶやいた。,キノの旅　the Beautiful World,1535187816591,拭う,ぬぐう,"to wipe, to mop up"
拭く,拭く,濡らした布で体を拭き、朝食を取った。,キノの旅　the Beautiful World,1535192925296,拭く,ふく,"to wipe, to dry"
持て余す,持て余す,そうすると人々は暇を持て余してしまい、頭脳を使ういろいろなことに挑戦するようになった。,キノの旅　the Beautiful World,1534602337395,持て余す,もてあます,"to be too much for one, to find unmanageable, to be beyond one's control, to not know what to do with"
挑戦,挑戦,そうすると人々は暇を持て余してしまい、頭脳を使ういろいろなことに挑戦するようになった。,キノの旅　the Beautiful World,1534602392823,挑戦,ちょうせん,"challenge, defiance, dare, attempt, try"
挙動,挙動,わずかに後輪を滑らしながら、安定した挙動でカーブをぬけた。 　,キノの旅　the Beautiful World,1535142096827,挙動,きょどう,"conduct, behavior, behaviour"
挨拶,挨拶,そうすると近くにいる人にその挨拶が伝わる。,キノの旅　the Beautiful World,1534614595810,挨拶,あいさつ,"greeting, greetings, salutation, salute, polite set phrase used when meeting or parting from somebody"
挨拶,挨拶,「起こしてしまって申し訳ありませんが……、おはようございます」 「どうも」 　キノとエルメスが挨拶すると、 「こいつは、驚いた……」 　男の両目がこれ以上ないほど開かれた。,キノの旅　the Beautiful World,1535194248482,挨拶,あいさつ,"greeting, greetings, salutation, salute, polite set phrase used when meeting or parting from somebody"
振り向く,振り向く,キノがエルメスへ、何かを期待する顔で振り向いた。 ,キノの旅　the Beautiful World,1535144420520,振り向く,ふりむく,"to turn one's face, to turn around, to look over one's shoulder"
探り,探る,そして全ての人間にその能力を与えようと、簡単に脳を開発できる方法を探り、薬が完成した。,キノの旅　the Beautiful World,1534675340379,手探り,てさぐり,"fumbling, groping"
探求,探求,そして昼頃、やや探求に疲れを覚えたキノとエルメスは、巨大な公園にたどり着いた。 　,キノの旅　the Beautiful World,1535185022992,探求,たんきゅう,"search, quest, pursuit"
探索,探索,そして廃屋の探索に疲れて、見晴らしのいいこの場所に座り込んだ。,キノの旅　the Beautiful World,1535178978338,探索,たんさく,"search, lookup, hunt, (item of) research, exploration, investigation"
損,損,自分が痛くない時に、痛みが伝わってしまうなんてことは、結局損以外の何物でもないんだ。,キノの旅　the Beautiful World,1534971688155,損害,そんがい,"damage, injury, loss"
撃ち殺す,撃ち殺す,他人の家に許可なく入って、撃ち殺されても文句は言えないだろ」 　エルメスと呼ばれたモトラドは、そかな、と小さく言って、 「誰もいなければ撃たれはしないよ。,キノの旅　the Beautiful World,1535144269885,撃ち殺す,うちころす,to shoot to death
撃つ,撃つ,他人の家に許可なく入って、撃ち殺されても文句は言えないだろ」 　エルメスと呼ばれたモトラドは、そかな、と小さく言って、 「誰もいなければ撃たれはしないよ。,キノの旅　the Beautiful World,1535144379825,撃つ,うつ,to shoot (at)
支配,支配,王一人が、回と人を全て我が物として支配してきた。,キノの旅　the Beautiful World,1535296737170,支配,しはい,"domination, rule, control"
放り込む,放り込む,それを口へと放り込む。,キノの旅　the Beautiful World,1535180118273,放り込む,ほうりこむ,"to throw into, to toss into"
放題,放題,ここにも最近人の手のかかった様子はなく、木々や芝生は伸び放題で、池の水は干からび、花壇の花は全て枯れていた。 　,キノの旅　the Beautiful World,1535186592304,放題,ほうだい,"as much as you would like to, as much as one likes"
数,数カ所,肩から伸びた両袖が風であばれないように、数カ所をバンドで止めている。 　,キノの旅　the Beautiful World,1535141860155,数学,すうがく,"mathematics, arithmetic"
整備,整備,これほど整備された国に、誰も住んでないなんて、建造物に対して大変失礼だ。,キノの旅　the Beautiful World,1535177330961,整備,せいび,"maintenance, servicing"
敷く,敷く,歩道に毛布を敷いて座る。,キノの旅　the Beautiful World,1535184058019,宜しく,よろしく,"well, properly, suitably"
敷地,敷地,緑の広大な敷地に、白い石畳の道が延びている。,キノの旅　the Beautiful World,1535185664196,敷地,しきち,"site, plot, lot, grounds"
断る,断る,そんな中、仲間達が私や他の仲間を群衆から見つけて、目隠しを断って、落下するほんの刹那に何かを訴えて、そして頭蓋骨を砕かれ、首の骨を折って死んでいくのを見た。,キノの旅　the Beautiful World,1535297758071,断る,ことわる,"to refuse, to reject, to dismiss, to turn down, to decline"
方法,方法,その人は僕の悲しみが理解できて、僕に優しくしたり、解決方法を一緒に考えたりできる。,キノの旅　the Beautiful World,1534614784039,方法,ほうほう,"method, process, manner, way, means, technique"
方法,方法,自分達は今までの、ノイズだらけの、しかもきちんと伝わっているか絶対に確認し得ない言語によるコミュニケーションを、古くさい方法にすることができるんだ！ ,キノの旅　the Beautiful World,1534615292799,方法,ほうほう,"method, process, manner, way, means, technique"
日差し,日差し,太陽は一番高いところにあって、日差しは眩しい。 ,キノの旅　the Beautiful World,1535187856999,日差し,ひざし,"sunlight, rays of the sun"
日差し,日差し,男は日差しよけの屋根を歩道に広げ、テーブルとイスを引っぱり出した。,キノの旅　the Beautiful World,1535294663433,日差し,ひざし,"sunlight, rays of the sun"
暮らし,暮らす,そのまま一緒に暮らし始めて、それから数日が過ぎた。,キノの旅　the Beautiful World,1534963264145,暮らし,くらし,"life, living, livelihood, life circumstances"
曇る,曇らせる,あれも見たんだろう」 　男が少し顔と声を曇らせた。 ,キノの旅　the Beautiful World,1535295053214,曇る,くもる,"to get cloudy, to cloud over, to become overcast"
期待,期待,キノがエルメスへ、何かを期待する顔で振り向いた。 ,キノの旅　the Beautiful World,1535144407661,期待,きたい,"expectation, anticipation, hope"
木,木々,まっすぐ進んでは、ところどころに群生している木々をよけるように、たまに急カーブを繰り返している。,キノの旅　the Beautiful World,1535134780411,木,き,"tree, shrub, bush"
未遂,未遂,ああ、そういえば若い女性に近づいただけで、婦女暴行未遂と猥褒物陳列で訴えられた奴もいたな」 「…………」 「まあ、そんなようなことがあちらこちらで起こったんだろうな。,キノの旅　the Beautiful World,1534967542036,未遂,みすい,attempt (e.g. at crime)
本来,本来,しかし本来はしっかり閉められているはずの分厚い扉は、完全に開いていた。,キノの旅　the Beautiful World,1535144039527,本来,ほんらい,"originally, primarily"
枚,枚,何十枚ものステンドグラスで飾られた巨大なホールや、普通の家よりはるかに広い浴場、果てしなく続く廊下など、内装も外装に負けず豪華だった。 　,キノの旅　the Beautiful World,1535188170281,枚,まい,counter for flat objects (e.g. sheets of paper)
果て,果てる,「さあね」 　第二話　「多数決の国」 　　─Ourselfish─ 　草の絨毯が、果てなくどこまでも続いていた。,キノの旅　the Beautiful World,1535062743063,果て,はて,"the end, the extremity, the limit, the limits, the result"
枯れ木,枯れ木,手のかかった街路樹だったらしい枯れ木を集めて、そこで火を焚いた。 ,キノの旅　the Beautiful World,1535178834538,枯れ木,かれき,"dead tree, withered tree"
柔らかい,柔らかい,「柔らかいベッドと、真っ白なシーツがほしいな……」 「ご愁傷様。,キノの旅　the Beautiful World,1535184554296,柔らかい,やわらかい,"soft, tender, pliant, supple, limber, limp"
様子,様子,ここにも最近人の手のかかった様子はなく、木々や芝生は伸び放題で、池の水は干からび、花壇の花は全て枯れていた。 　,キノの旅　the Beautiful World,1535186788727,様子,ようす,"state, state of affairs, situation, circumstances"
様子,様子,一瞬で眠気を吹き飛ばした様子だった。 ,キノの旅　the Beautiful World,1535194290375,様子,ようす,"state, state of affairs, situation, circumstances"
正解,正解,男は人差し指を立てて、嬉しそうに笑いながら、 「正解さ。,キノの旅　the Beautiful World,1535302253632,正解,せいかい,"correct, right, correct interpretation (answer, solution)"
正面,正面,キノとエルメスは、白い大理石で造られた建物の正面にいた。,キノの旅　the Beautiful World,1535186946462,正面,しょうめん,"front, frontage, facade, main"
武器,武器,まずは警備隊の武器庫を襲った。,キノの旅　the Beautiful World,1535298999945,武器,ぶき,"weapon, arms, ordnance"
武装,武装,ろくでもない権力者ほど、民が武装するのを恐れるからね。,キノの旅　the Beautiful World,1535299148319,武装,ぶそう,"arms, armament"
歯止め,歯止め,王による暴力はもう歯止めがきかない。,キノの旅　the Beautiful World,1535297159618,歯止め,はどめ,"brake, drag, skid, pawl"
死刑,死刑,「もちろん死刑だ。,キノの旅　the Beautiful World,1535297545816,死刑,しけい,"death penalty, capital punishment"
毛布,毛布,そこを探してみよう」 「無駄に終わるかもよ」 「まあ、それでもいいよ」 　キノは短くそう答え、鞄から毛布を引っぱり出した。,キノの旅　the Beautiful World,1535183959620,毛布,もうふ,blanket
民衆,民衆,それ以前は、一般の民衆が武器を持つことが一切許されなかった。,キノの旅　the Beautiful World,1535299044415,民衆,みんしゅう,"people, populace, masses"
気,気がつく,男はそれに素直に答えるように、 「それから、僕達は自分や他人の考えが分かるということの恐ろしさに、ようやく気がついた。,キノの旅　the Beautiful World,1534971448403,病気,びょうき,"illness, disease, sickness"
気配,気配,人が住んでいた気配もなかった。 　,キノの旅　the Beautiful World,1535185007316,気配,けはい,"indication, sign, hint, presence, trend"
汗,汗,一度だけ、額の汗を腕で拭った。 ,キノの旅　the Beautiful World,1535144172110,汗,あせ,"sweat, perspiration"
流行る,流行る,十数年前にこの国で流行った曲だけどね。,キノの旅　the Beautiful World,1534975212445,流行る,はやる,"to be popular, to come into fashion"
浮かぶ,浮かぶ,そう返事が来た」 　男の顔に、今度はほんの少し笑みが浮かんだ。,キノの旅　the Beautiful World,1534967017659,浮かぶ,うかぶ,"to float, to be suspended"
浴場,浴場,何十枚ものステンドグラスで飾られた巨大なホールや、普通の家よりはるかに広い浴場、果てしなく続く廊下など、内装も外装に負けず豪華だった。 　,キノの旅　the Beautiful World,1535188113749,海水浴場,かいすいよくじょう,"swimming area (in the ocean), swimming beach, seawater baths"
淡,淡々,「悪かったよ、エルメス」 　キノが淡々とした口調で、エルメスの発言にかぶさるように言った。 ,キノの旅　the Beautiful World,1534601912551,淡水,たんすい,fresh water (i.e. not salt water)
深呼吸,深呼吸,男はキノとエルメスにもう一歩近づくと、一度深呼吸をして、 「あ、あのっ！　,キノの旅　the Beautiful World,1534976117217,深呼吸,しんこきゅう,deep breath
混乱,混乱,……この混乱の解決方法は、たった一つだけだった。,キノの旅　the Beautiful World,1534971724052,混乱,こんらん,"disorder, chaos, confusion, mayhem"
滅びる,滅びる,だからそのうちに滅びるだろうね。,キノの旅　the Beautiful World,1534975080568,滅びる,ほろびる,"to go to ruin, to go under, to fall, to be destroyed, to die out, to become extinct, to perish"
滞在,滞在,そしたらその時にでも、入国と滞在の許可をもらえばいい。,キノの旅　the Beautiful World,1535176818294,滞在,たいざい,"stay, sojourn"
濡らす,濡らす,濡らした布で体を拭き、朝食を取った。,キノの旅　the Beautiful World,1535192908036,濡らす,ぬらす,"to wet, to moisten, to dampen, to soak, to dip"
炎,炎,「少なくとも、キノのせいではないよ」 　メッキのパーツにちらちらと炎を映しながら、荷物を全ておろしたエルメスが止まっていた。 ,キノの旅　the Beautiful World,1535177104449,炎,ほのお,"flame, blaze"
焚く,焚く,手のかかった街路樹だったらしい枯れ木を集めて、そこで火を焚いた。 ,キノの旅　the Beautiful World,1535178847865,焼く,やく,to burn
無造作,無造作,その一番上に、運転手が今着ているベストの、元はジャケットの両袖が、しっかりと、そして無造作にくくりつけられていた。,キノの旅　the Beautiful World,1535142224226,無造作,むぞうさ,"easy, simple, ready"
焦る,焦る,ボクは旅を続けたいと思います」 　キノがそう言うと、男は焦りながら、 「そ、そうか……。,キノの旅　the Beautiful World,1534976293181,焦る,あせる,"to be in a hurry, to be impatient, to be flustered, to lose one's presence of mind, to be surprised"
物,物,ああ、そういえば若い女性に近づいただけで、婦女暴行未遂と猥褒物陳列で訴えられた奴もいたな」 「…………」 「まあ、そんなようなことがあちらこちらで起こったんだろうな。,キノの旅　the Beautiful World,1534967556896,動物,どうぶつ,animal
狩猟,狩猟,裏庭が元々は王族の狩猟場だったのか、それとも市民の憩いの場だったのか。,キノの旅　the Beautiful World,1535188761998,狩猟,しゅりょう,hunting
猛烈,猛烈,二日遅れの猛烈な歓迎を受けて、キノは複雑な表情を作った。 　,キノの旅　the Beautiful World,1535195117997,猛烈,もうれつ,"fierce, intense, severe, violent, strong, vehement, terrific, terrible"
玄関,玄関,玄関にいるの』と伝わったので、あわてて外に出てみると、僕のその時の恋人が立っていた。,キノの旅　the Beautiful World,1534695409043,玄関,げんかん,"entrance, front door, entryway, entranceway, entry hall, vestibule, porch, foyer, mud room"
王,王制,この状況を何とかするためには、王を、そして王制そのものを倒すしかないと、革命計画が本格的に動き出した。,キノの旅　the Beautiful World,1535297268929,王様,おうさま,king
現す,現す,太陽が姿を現し、そして霧が完全に晴れた頃、エルメスを叩いて起こした。 　,キノの旅　the Beautiful World,1535184888217,表す,あらわす,"to represent, to signify, to stand for"
画期的,画期的,そしてある時、人間の脳を研究していた医者グループが、ある画期的な発見をしてしまった……。,キノの旅　the Beautiful World,1534674671052,画期的,かっきてき,"ground-breaking, revolutionary, unprecedented, epoch-making"
発狂,発狂,その人間が今際のきわに思っていることが、あわてて駆けつけた人達に伝わって、彼らを発狂させてしまった。,キノの旅　the Beautiful World,1534968008825,発狂,はっきょう,"madness, craziness, insanity"
発言,発言,「悪かったよ、エルメス」 　キノが淡々とした口調で、エルメスの発言にかぶさるように言った。 ,キノの旅　the Beautiful World,1534602069360,発言,はつげん,"statement, remark, observation, utterance, speech, proposal"
発達,発達,でもその後、そのおかげで機械がさらに発達して、この国ではそれでも生活できるようになってしまった。,キノの旅　the Beautiful World,1534974827305,発達,はったつ,"development, growth"
白亜,白亜,遥か遠く地平線上の空では、巻き立つ入道雲が、白亜の神殿のようにそびえ立っている。,キノの旅　the Beautiful World,1535062873979,白亜紀,はくあき,Cretaceous Period
白亜,白亜,キノ達は公園をさらに奥へと進み、白亜の建造物を見つけた。 ,キノの旅　the Beautiful World,1535186833005,白亜紀,はくあき,Cretaceous Period
皇太子,皇太子,皇太子時代が長かったせいか、王になるやいなや自分勝手な行動に出た。,キノの旅　the Beautiful World,1535296513738,皇太子,こうたいし,crown prince
皮肉,皮肉る,キノが多少の皮肉を込めて言うと、エルメスも、 「ねえ。,キノの旅　the Beautiful World,1535187946610,皮肉,ひにく,"cynicism, sarcasm, irony, satire"
皮肉,皮肉る,勝手に行きました」 　エルメスが皮肉気味に返事をした。 ,キノの旅　the Beautiful World,1535295136198,皮肉,ひにく,"cynicism, sarcasm, irony, satire"
盛り,盛る,裏庭の芝生の緑の中に、簡単に土を盛り、薄い木の板を一本立てただけの簡単な墓があった 　そして墓は、視界一杯に広がる裏庭を、文字どおり埋め尽くすように並んでいた。,キノの旅　the Beautiful World,1535188580199,盛り,さかり,"peak (e.g. of cherry blossom season), height (e.g. of summer)"
目撃,目撃,そして……ある時、僕は彼女がハーブに水をやっていて、そしてあげすぎてしまったのを目撃した。,キノの旅　the Beautiful World,1534695546117,目撃,もくげき,"witnessing, observing, sighting"
目深,目深,そして、運転席には、一人の男が帽子を目深に被って座っていた。,キノの旅　the Beautiful World,1535193503424,目深,まぶか,(wearing) low over one's eyes
目隠し,目隠し,そんな中、仲間達が私や他の仲間を群衆から見つけて、目隠しを断って、落下するほんの刹那に何かを訴えて、そして頭蓋骨を砕かれ、首の骨を折って死んでいくのを見た。,キノの旅　the Beautiful World,1535297753393,目隠し,めかくし,"something used to cover the eyes, blindfold, blinder, blinker, eye bandage"
直接,直接,その発見とは、人間の脳の使っていないところを上手く開発すれば、人間同士の思いを直接伝え合うことができる、というものだった」 「思いを直接伝える？」 　,キノの旅　the Beautiful World,1534602763871,直接,ちょくせつ,"direct, immediate, personal, firsthand"
相当,相当,それも相当にリッチな王様が住んでたんだ。,キノの旅　the Beautiful World,1535187898086,相当,そうとう,"corresponding to (in meaning, function, etc.), being equivalent to"
相手,相手,そうしたら相手のいやがること、相手を傷つけることをしなくなる。,キノの旅　the Beautiful World,1534601186327,相手,あいて,"companion, partner, company"
真剣,真剣,「この国の人間も、真剣にそう思った。,キノの旅　the Beautiful World,1534674552508,真剣,しんけん,"serious, earnest"
真剣,真剣,「あの男の人と結婚するんじゃないかと、端で見ていてハラハラだったよ」 　エルメスが今度は真剣な口調でそう言うと、キノは笑いながら。 ,キノの旅　the Beautiful World,1534976636550,真剣,しんけん,"serious, earnest"
眩しい,眩しい,ところどころに、眩しいほど鮮やかな雲が流れている。,キノの旅　the Beautiful World,1535134454498,眩しい,まぶしい,"dazzling, radiant"
眩しい,眩しい,太陽は一番高いところにあって、日差しは眩しい。 ,キノの旅　the Beautiful World,1535187866263,眩しい,まぶしい,"dazzling, radiant"
睨む,睨む,でも、それを言う前に、彼女は僕を睨んでいた。,キノの旅　the Beautiful World,1534695604807,睨む,にらむ,"to glare at, to scowl at, to glower at"
睨む,睨む,細身の精悍な顔に、ところどころが剥げた銀色フレームのゴーグルをして、運転手は前方を睨んでいる。 　,キノの旅　the Beautiful World,1535142036798,睨む,にらむ,"to glare at, to scowl at, to glower at"
短い,短い,きっと〝飢える〟って言葉も知らなかったんだろう」 「〝パンがなければケーキを食べればいいのに〟」 　エルメスが茶化してそう言うと、男はニヤリと笑って、 「博識だね」 　エルメスは、どうも、と短く言った。 ,キノの旅　the Beautiful World,1535297003600,短い,みじかい,short
矯める,矯める,毒を矯める、止めるって意味だよ。,キノの旅　the Beautiful World,1534501989255,矯める,ためる,"to straighten, to correct, to cure"
神殿,神殿,遥か遠く地平線上の空では、巻き立つ入道雲が、白亜の神殿のようにそびえ立っている。,キノの旅　the Beautiful World,1535134525340,神殿,しんでん,"temple, sacred place, shrine, sanctuary, tabernacle"
称える,称える,「国中の人が、それは素晴らしい発見だと褒め称えた。,キノの旅　the Beautiful World,1534615156045,称える,たたえる,"to extol, to give praise"
税率,税率,「十一年前、あまりの生活苦に税率を下げてほしいと訴えた農民が、全員殺されてしまった。,キノの旅　the Beautiful World,1535297057004,税率,ぜいりつ,tariff
積み込む,積み込む,全ての荷物を積み込んで、その場を後にした。 　,キノの旅　the Beautiful World,1535184957718,積み込む,つみこむ,"to load (with goods, cargo), to put on board, to stow aboard"
積む,積む,キャリアの下には、さらに荷物を積むための箱が後輪両脇に取りつけられている。 　,キノの旅　the Beautiful World,1535142246678,積む,つむ,"to pile up, to stack"
空間,空間,自分だけの空間で、自分だけが楽しいことをして……。,キノの旅　the Beautiful World,1534975032909,空間,くうかん,"space, room, airspace"
突入,突入,そして我々は、一気に王宮に突入し王を捕まえる、はずだった。,キノの旅　the Beautiful World,1535299198931,突入,とつにゅう,"rushing into, breaking into, storming"
端,端,「あの男の人と結婚するんじゃないかと、端で見ていてハラハラだったよ」 　エルメスが今度は真剣な口調でそう言うと、キノは笑いながら。 ,キノの旅　the Beautiful World,1534976613101,葉書,はがき,postcard
端,端に,モトラドでしばらく走り回っても、まだ端にたどり着けないほど広い。 　,キノの旅　the Beautiful World,1535185702660,葉書,はがき,postcard
筒抜け,筒抜け,それが全て筒抜け状態なんて、進化でもなんでもなかったんだよ。,キノの旅　the Beautiful World,1534971539784,筒抜け,つつぬけ,"being overheard, being leaked (e.g. secrets)"
粘土,粘土,「ゴーストタウン、か」 　キノが粘土のような携帯食料を手でちぎりながらつぶやいた。,キノの旅　the Beautiful World,1535179464663,粘土,ねんど,clay
精悍,精悍,細身の精悍な顔に、ところどころが剥げた銀色フレームのゴーグルをして、運転手は前方を睨んでいる。 　,キノの旅　the Beautiful World,1535141980607,精悍,せいかん,"virile, tough, masculine, intense"
素早い,素早い,キノに発言の機会を与えない素早さだった。 ,キノの旅　the Beautiful World,1534601405755,素早い,すばやい,"fast, quick, prompt, nimble, agile"
素直,素直,男はそれに素直に答えるように、 「それから、僕達は自分や他人の考えが分かるということの恐ろしさに、ようやく気がついた。,キノの旅　the Beautiful World,1534971331840,素直,すなお,"obedient, meek, docile, unaffected"
素直,素直,「なるほどね」 　エルメスが目の前に広がる景色を見て、素直につぶやいた。,キノの旅　the Beautiful World,1535188464217,素直,すなお,"obedient, meek, docile, unaffected"
細身,細身,中には細身のハンド・パースエイダーが、グリップを上にして収まっていた。,キノの旅　the Beautiful World,1535135840004,細身,ほそみ,"narrow, thin (sized), slender"
細身,細身,細身の精悍な顔に、ところどころが剥げた銀色フレームのゴーグルをして、運転手は前方を睨んでいる。 　,キノの旅　the Beautiful World,1535141972325,細身,ほそみ,"narrow, thin (sized), slender"
組む,組む,男はテーブルの上に肘をつき、手を顔の前で組んだ。 ,キノの旅　the Beautiful World,1535294909470,組む,くむ,"to cross (legs or arms), to link (arms)"
結局,結局,自分が痛くない時に、痛みが伝わってしまうなんてことは、結局損以外の何物でもないんだ。,キノの旅　the Beautiful World,1534971678135,結局,けっきょく,"after all, in the end, ultimately, eventually"
絨毯,絨毯,「さあね」 　第二話　「多数決の国」 　　─Ourselfish─ 　草の絨毯が、果てなくどこまでも続いていた。,キノの旅　the Beautiful World,1535053171489,絨毯,じゅうたん,"carpet, rug, runner"
続く,続く,「さあね」 　第二話　「多数決の国」 　　─Ourselfish─ 　草の絨毯が、果てなくどこまでも続いていた。,キノの旅　the Beautiful World,1535053196334,続く,つづく,"to continue, to last, to go on"
続く,続く,何十枚ものステンドグラスで飾られた巨大なホールや、普通の家よりはるかに広い浴場、果てしなく続く廊下など、内装も外装に負けず豪華だった。 　,キノの旅　the Beautiful World,1535188124793,続く,つづく,"to continue, to last, to go on"
続ける,続ける,モトラドは草原を滑るように走り続けた。 　,キノの旅　the Beautiful World,1535142502226,続ける,つづける,"to continue, to keep up, to keep on"
緩やか,緩やか,緑の大地は緩やかにうねり、幾重にも重なりながら地平線の向こうへと消えていく。 　,キノの旅　the Beautiful World,1535134307666,緩やか,ゆるやか,"loose, slack"
緩やか,緩やか,なぜか一カ所、石畳が緩やかに窪んでいた。,キノの旅　the Beautiful World,1535179073971,緩やか,ゆるやか,"loose, slack"
縛る,縛りつける,そこには、大きな鞄と、丸めた茶色のコートが縛りつけられている。,キノの旅　the Beautiful World,1535142176113,縛る,しばる,"to tie, to bind, to fasten"
縛る,縛る,手足を縛って逆さまに吊り上げ、道路に頭から落として殺すのさ。,キノの旅　the Beautiful World,1535297605499,縛る,しばる,"to tie, to bind, to fasten"
群生,群生,まっすぐ進んでは、ところどころに群生している木々をよけるように、たまに急カーブを繰り返している。,キノの旅　the Beautiful World,1535134769638,群生,ぐんせい,growing en masse in a location (plants)
群衆,群衆,そんな中、仲間達が私や他の仲間を群衆から見つけて、目隠しを断って、落下するほんの刹那に何かを訴えて、そして頭蓋骨を砕かれ、首の骨を折って死んでいくのを見た。,キノの旅　the Beautiful World,1535297718742,群衆,ぐんしゅう,"group (of people), crowd, horde, throng, mob, multitude"
肘,肘,男はテーブルの上に肘をつき、手を顔の前で組んだ。 ,キノの旅　the Beautiful World,1535294900071,肘,ひじ,elbow
脳,脳,そしてある時、人間の脳を研究していた医者グループが、ある画期的な発見をしてしまった……。,キノの旅　the Beautiful World,1534602601334,脳,のう,brain
自嘲,自嘲,「町中で野営とはね」 　キノがたき火に木をくべながら、やや自嘲気味に言った。,キノの旅　the Beautiful World,1535176943417,自嘲,じちょう,"self-deprecation, self-derision, self-mockery, laughing at oneself"
自身,自身,僕自身が『分かる？』,キノの旅　the Beautiful World,1534692774454,自身,じしん,"by oneself, personally"
芝生,芝生,ここにも最近人の手のかかった様子はなく、木々や芝生は伸び放題で、池の水は干からび、花壇の花は全て枯れていた。 　,キノの旅　the Beautiful World,1535186565746,芝生,しばふ,lawn
花壇,花壇,ここにも最近人の手のかかった様子はなく、木々や芝生は伸び放題で、池の水は干からび、花壇の花は全て枯れていた。 　,キノの旅　the Beautiful World,1535186647131,花壇,かだん,flower bed
苦笑,苦笑,そいつは、どうも」 　キノは苦笑しながら、右腰のホルスターに入っている、リヴォルバータイプのハンド・パースエイダーを軽く叩いた。 ,キノの旅　the Beautiful World,1535144531437,苦笑い,にがわらい,"bitter smile, wry smile, forced smile, strained laugh"
茶化す,茶化す,きっと〝飢える〟って言葉も知らなかったんだろう」 「〝パンがなければケーキを食べればいいのに〟」 　エルメスが茶化してそう言うと、男はニヤリと笑って、 「博識だね」 　エルメスは、どうも、と短く言った。 ,キノの旅　the Beautiful World,1535296949976,茶化す,ちゃかす,"to poke fun at, to make fun of, to send up"
草原,草原,国を出てからしばらく、ぼんやりとした草原の道をキノとエルメスは走っていた。,キノの旅　the Beautiful World,1534976480252,草原,そうげん,"grass-covered plain, grasslands, meadows, savannah, prairie, steppe"
草原,草原,その草原には、一本だけ道があった。 　,キノの旅　the Beautiful World,1535134561701,草原,そうげん,"grass-covered plain, grasslands, meadows, savannah, prairie, steppe"
落ち着く,落ち着く,キノとエルメスがすっかり腰を落ち着かせているこの場所は、大きな交差点の真ん中だった。 　,キノの旅　the Beautiful World,1535177593021,落ち着く,おちつく,"to calm down, to compose oneself, to regain presence of mind"
落下,落下,そんな中、仲間達が私や他の仲間を群衆から見つけて、目隠しを断って、落下するほんの刹那に何かを訴えて、そして頭蓋骨を砕かれ、首の骨を折って死んでいくのを見た。,キノの旅　the Beautiful World,1535297778490,落下,らっか,"fall, drop, descent, coming down"
薄い,薄い,裏庭の芝生の緑の中に、簡単に土を盛り、薄い木の板を一本立てただけの簡単な墓があった 　そして墓は、視界一杯に広がる裏庭を、文字どおり埋め尽くすように並んでいた。,キノの旅　the Beautiful World,1535188589693,薄い,うすい,thin
蜂起,蜂起,……何度も見たよ」 「…………」 「十年前の春の朝、とうとう我々は蜂起した。,キノの旅　the Beautiful World,1535298972903,蜂起,ほうき,"uprising, revolt"
蝉,蝉,蝉が激しく鳴く声が、囲むように聞こえている。 　,キノの旅　the Beautiful World,1535134538221,蝉,せみ,"cicada, locust"
裾,裾の,モトラドの運転手は、黒くて裾の長いベストを着ていた。,キノの旅　the Beautiful World,1535135725102,裾,すそ,"hem, (trouser) cuff, shirttail"
褒めちぎる,褒めちぎる,とても素晴らしい」 　エルメスが感嘆し、褒めちぎった。 　,キノの旅　the Beautiful World,1535186889814,褒めちぎる,ほめちぎる,"to praise (to the skies), to sing the praises (of), to extol"
褒める,褒める,「国中の人が、それは素晴らしい発見だと褒め称えた。,キノの旅　the Beautiful World,1534614881983,褒める,ほめる,"to praise, to admire, to speak well of someone"
襟,襟,襟は風が入るように、大きく開けている。,キノの旅　the Beautiful World,1535135757797,襟,えり,"collar, lapel, neckband, neck"
襲う,襲う,まずは警備隊の武器庫を襲った。,キノの旅　the Beautiful World,1535299006898,襲う,おそう,"to attack, to assail, to make an assault, to strike, to hunt down"
見える,見える,それはわずかに土が見えることで、かろうじて分かるほど細い道だった。,キノの旅　the Beautiful World,1535134664004,見える,みえる,"to be seen, to be in sight"
見晴らし,見晴らす,そして廃屋の探索に疲れて、見晴らしのいいこの場所に座り込んだ。,キノの旅　the Beautiful World,1535178752415,見晴らし,みはらし,"view, prospect, outlook"
視界,視界,裏庭の芝生の緑の中に、簡単に土を盛り、薄い木の板を一本立てただけの簡単な墓があった 　そして墓は、視界一杯に広がる裏庭を、文字どおり埋め尽くすように並んでいた。,キノの旅　the Beautiful World,1535188816345,視界,しかい,"field of vision, visibility, view, visual field, (one's) ken"
視野,視野,目の前のそれは、キノの視野に入りきらないほど大きい。,キノの旅　the Beautiful World,1535186981073,視野,しや,"field of vision, view"
覚める,覚める,飲んだ次の日の朝、目が覚めると『分かる？ ,キノの旅　the Beautiful World,1534692504610,覚める,さめる,"to wake, to wake up"
解決,解決,その人は僕の悲しみが理解できて、僕に優しくしたり、解決方法を一緒に考えたりできる。,キノの旅　the Beautiful World,1534614780892,解決,かいけつ,"settlement, solution, resolution"
解決,解決,……この混乱の解決方法は、たった一つだけだった。,キノの旅　the Beautiful World,1534971730229,解決,かいけつ,"settlement, solution, resolution"
言い放つ,言い放つ,その、もし、キノさんさえよければ、僕と……」 　キノはしばらく、いきなりそれだけを言い放った男をじっと見た。 　,キノの旅　the Beautiful World,1534976246875,言い放つ,いいはなつ,"to declare, to assert, to say bluntly, to say straight out"
訓練,訓練,キノは軽く運動して、パースエイダーの整備と訓練をした。,キノの旅　the Beautiful World,1535184863704,訓練,くんれん,"training, drill, practice, discipline"
訝しい,訝しげ,かなり訝しげに聞いた。 　,キノの旅　the Beautiful World,1535192389537,訝しい,いぶかしい,"suspicious, doubtful"
訴え,訴える,「十一年前、あまりの生活苦に税率を下げてほしいと訴えた農民が、全員殺されてしまった。,キノの旅　the Beautiful World,1535297110247,訴える,うったえる,"to raise, to bring to (someone's attention)"
詰め所,詰め所,いつもはパースエイダーを構えた門番兵がいるはずの詰め所にも、人の気配はなかった。 　,キノの旅　the Beautiful World,1535144125368,詰め所,つめしょ,"station, office, guardroom"
警備,警備,まずは警備隊の武器庫を襲った。,キノの旅　the Beautiful World,1535298986456,警備,けいび,"defense, defence, guard, policing, security"
豪奢,豪奢,造りはひたすら豪奢で、建物の端から端、上から下まで美しい装飾が施されていた。 ,キノの旅　the Beautiful World,1535187146173,豪奢,ごうしゃ,"luxurious, magnificent, extravagant, sumptuous"
責任,責任,「すると、エルメスの責任かな？」 　,キノの旅　the Beautiful World,1535177215203,責任,せきにん,"duty, responsibility (incl. supervision of staff)"
賛同,賛同,我々に賛同してくれた警備隊員もいた。,キノの旅　the Beautiful World,1535299174738,賛同,さんどう,"approval, endorsement"
軒先,軒先,エルメスとたき火を通りに残し、角の建物の軒先へと歩いていった。,キノの旅　the Beautiful World,1535184159150,軒先,のきさき,"edge of the eaves, house frontage"
追って,追って,順を追って話そう」 「この国は、建国以来ずっと王政が続いていた。,キノの旅　the Beautiful World,1535296378362,追って,おって,"later on, shortly, presently, afterwards, in due course, by and by"
追求,追求,新しい公式を発見したり、ひたすら科学的追求をしたり、文学や音楽を創ったりね。,キノの旅　the Beautiful World,1534602567205,追求,ついきゅう,"pursuit (of a goal, ideal, etc.), search, chase, seeking after"
逆さま,逆さま,手足を縛って逆さまに吊り上げ、道路に頭から落として殺すのさ。,キノの旅　the Beautiful World,1535297612112,逆さま,さかさま,"inverted, upside down, reversed, back to front"
逆らう,逆らう,逆らう人は殺された。,キノの旅　the Beautiful World,1535296550801,逆らう,さからう,"to go against, to oppose, to disobey, to defy"
通る,通れる,石畳の、車が並んで数台は通れそうなほど太い道が、きれいに四方に延びていた。,キノの旅　the Beautiful World,1535177867924,通る,とおる,"to go by, to go past, to go along, to travel along, to pass through, to use (a road), to take (a route), to go via, to go by way of"
進歩,進歩,いいや、ただの進歩かな？ ,キノの旅　the Beautiful World,1534971577672,進歩,しんぽ,"progress, advance, improvement, development"
道,道,パースエイダー有段者の君に言うことじゃないかもしれないけれど、道中気をつけて」 　家のガレージの前で男が言った。,キノの旅　the Beautiful World,1534975847480,道,みち,"road, path, street, lane, passage"
達し,達する,我々の怒りは頂点に達した。,キノの旅　the Beautiful World,1535297134657,達し,たっし,"official notice, notification"
違反,違反,キノはエルメスのエンジン音を遠慮なく建物に響かせながら、スピード違反の速度で走っていった。 　,キノの旅　the Beautiful World,1535193023123,違反,いはん,"violation, offense, offence, breach, transgression, infringement, contravention"
遠慮,遠慮ない,キノはエルメスのエンジン音を遠慮なく建物に響かせながら、スピード違反の速度で走っていった。 　,キノの旅　the Beautiful World,1535192994500,遠慮,えんりょ,"reserve, constraint, restraint, modesty, diffidence, hesitation, holding back, discretion, tact, thoughtfulness"
部分,部分,ぜひ知りたいですね」 　門の前の広場、そのコーナー部分。,キノの旅　the Beautiful World,1535294606763,大部分,だいぶぶん,"most part, greater part, majority"
配偶者,配偶者,親、配偶者、子供の順に……。,キノの旅　the Beautiful World,1535297699499,配偶者,はいぐうしゃ,"spouse, wife, husband, partner"
野営,野営,「町中で野営とはね」 　キノがたき火に木をくべながら、やや自嘲気味に言った。,キノの旅　the Beautiful World,1535176867945,野営,やえい,"camping, campground, making camp"
門番,門番,いつもはパースエイダーを構えた門番兵がいるはずの詰め所にも、人の気配はなかった。 　,キノの旅　the Beautiful World,1535144107909,門番,もんばん,"gatekeeper, door guard, doorman, concierge, janitor"
開発,開発,その発見とは、人間の脳の使っていないところを上手く開発すれば、人間同士の思いを直接伝え合うことができる、というものだった」 「思いを直接伝える？」 　,キノの旅　the Beautiful World,1534602738050,開発,かいはつ,"development, exploitation"
開花,開花,テレパシー能力の開花は成功したんだ。,キノの旅　the Beautiful World,1534615658167,開花,かいか,"flowers budding, blooming, flowering"
間,間,この間注意したのに。,キノの旅　the Beautiful World,1534966774845,時間,じかん,time
霧,霧が,辺り一面霧が立ち込めていた。 　,キノの旅　the Beautiful World,1535184821573,霧,きり,"fog, mist"
青い,蒼い,空ははっきりと蒼く、高い。,キノの旅　the Beautiful World,1535062795638,青い,あおい,"blue, azure"
静か,静か,ゴーストタウンの夜は静かだった。 　,キノの旅　the Beautiful World,1535184153263,静か,しずか,"quiet, silent"
鞄,鞄,そこを探してみよう」 「無駄に終わるかもよ」 「まあ、それでもいいよ」 　キノは短くそう答え、鞄から毛布を引っぱり出した。,キノの旅　the Beautiful World,1535183946117,鞄,かばん,"bag, satchel, briefcase, basket"
響かせる,響かせる,キノはエルメスのエンジン音を遠慮なく建物に響かせながら、スピード違反の速度で走っていった。 　,キノの旅　the Beautiful World,1535193005253,響かせる,ひびかせる,to make something resound
頂点,頂点,我々の怒りは頂点に達した。,キノの旅　the Beautiful World,1535297126035,頂点,ちょうてん,"top, summit"
頃,頃,同じ頃に、とある場所では一人の人間が事故で死にかけた。,キノの旅　the Beautiful World,1534967347331,頃,ころ,"(approximate) time, around, about, toward"
順,順,順を追って話そう」 「この国は、建国以来ずっと王政が続いていた。,キノの旅　the Beautiful World,1535296386329,順調,じゅんちょう,"favourable, favorable, doing well, OK, all right"
頭蓋骨,頭蓋骨,そんな中、仲間達が私や他の仲間を群衆から見つけて、目隠しを断って、落下するほんの刹那に何かを訴えて、そして頭蓋骨を砕かれ、首の骨を折って死んでいくのを見た。,キノの旅　the Beautiful World,1535297810557,頭蓋骨,ずがいこつ,"skull, cranium"
頷く,頷く,そして何度も頷きながら、 「ああいいとも、もちろんだ。,キノの旅　the Beautiful World,1534600938063,頷く,うなずく,"to nod, to bow one's head in assent, to agree"
頷く,頷く,やはり王政と革命からかな」 「やはり王様がいたんですね」 　キノの問いに男が頷いた。 ,キノの旅　the Beautiful World,1535294944483,頷く,うなずく,"to nod, to bow one's head in assent, to agree"
頷く,頷く,男は何度か頷いた。 ,キノの旅　the Beautiful World,1535295185113,頷く,うなずく,"to nod, to bow one's head in assent, to agree"
顎,顎,ふと、運転手が軽く顎を上げた。,キノの旅　the Beautiful World,1535142515332,顎,あご,"chin, jaw"
駆ける,駆けつける,その人間が今際のきわに思っていることが、あわてて駆けつけた人達に伝わって、彼らを発狂させてしまった。,キノの旅　the Beautiful World,1534967995476,追いかける,おいかける,"to chase, to run after, to pursue"
駆け寄る,駆け寄る,一度つまずいてキノの元に駆け寄る。 ,キノの旅　the Beautiful World,1535194334117,駆け寄る,かけよる,"to rush over, to run up to"
鮮やか,鮮やか,ところどころに、眩しいほど鮮やかな雲が流れている。,キノの旅　the Beautiful World,1535134477481,鮮やか,あざやか,"vivid, bright, brilliant, clear, fresh, vibrant"
黙る,黙る,キノは黙ってエルメスのエンジンをかけた。 　,キノの旅　the Beautiful World,1534976332320,黙る,だまる,"to be silent, to say nothing"
